Season,Rk,Player,Age,Team,Pos,G,GS,MP,FG,FGA,FG%,3P,3PA,3P%,2P,2PA,2P%,eFG%,FT,FTA,FT%,ORB,DRB,TRB,AST,STL,BLK,TOV,PF,PTS,Awards
2015-16,1.0,Stephen Curry,27.0,GSW,PG,79.0,79.0,34.2,10.2,20.2,0.504,5.1,11.2,0.454,5.1,9.0,0.566,0.63,4.6,5.1,0.908,0.9,4.6,5.4,6.7,2.1,0.2,3.3,2.0,30.1,"MVP-1,AS,NBA1"
2015-16,2.0,James Harden,26.0,HOU,SG,82.0,82.0,38.1,8.7,19.7,0.439,2.9,8.0,0.359,5.8,11.7,0.494,0.512,8.8,10.2,0.86,0.8,5.3,6.1,7.5,1.7,0.6,4.6,2.8,29.0,"MVP-9,AS"
2015-16,3.0,Kevin Durant,27.0,OKC,SF,72.0,72.0,35.8,9.7,19.2,0.505,2.6,6.7,0.387,7.1,12.5,0.569,0.573,6.2,6.9,0.898,0.6,7.6,8.2,5.0,1.0,1.2,3.5,1.9,28.2,"MVP-5,AS,NBA2"
2015-16,4.0,DeMarcus Cousins,25.0,SAC,C,65.0,65.0,34.6,9.2,20.5,0.451,1.1,3.2,0.333,8.2,17.3,0.473,0.477,7.3,10.2,0.718,2.4,9.1,11.5,3.3,1.6,1.4,3.8,3.6,26.9,"AS,NBA2"
2015-16,5.0,LeBron James,31.0,CLE,SF,76.0,76.0,35.6,9.7,18.6,0.52,1.1,3.7,0.309,8.6,14.9,0.573,0.551,4.7,6.5,0.731,1.5,6.0,7.4,6.8,1.4,0.6,3.3,1.9,25.3,"MVP-3,DPOY-11,AS,NBA1"
2015-16,6.0,Damian Lillard,25.0,POR,PG,75.0,75.0,35.7,8.2,19.7,0.419,3.1,8.1,0.375,5.2,11.5,0.45,0.497,5.5,6.2,0.892,0.6,3.4,4.0,6.8,0.9,0.4,3.2,2.2,25.1,"MVP-8,NBA2"
2015-16,7.0,Anthony Davis,22.0,NOP,C,61.0,61.0,35.5,9.2,18.6,0.493,0.6,1.8,0.324,8.6,16.9,0.511,0.508,5.3,7.0,0.758,2.1,8.1,10.3,1.9,1.3,2.0,2.0,2.4,24.3,"DPOY-9,AS"
2015-16,8.0,DeMar DeRozan,26.0,TOR,SG,78.0,78.0,35.9,7.9,17.7,0.446,0.6,1.8,0.338,7.3,15.9,0.458,0.463,7.1,8.4,0.85,0.8,3.7,4.5,4.0,1.0,0.3,2.2,2.1,23.5,AS
2015-16,9.0,Russell Westbrook,27.0,OKC,PG,80.0,80.0,34.4,8.2,18.1,0.454,1.3,4.3,0.296,6.9,13.8,0.503,0.489,5.8,7.2,0.812,1.8,6.0,7.8,10.4,2.0,0.3,4.3,2.5,23.5,"MVP-4,AS,NBA1"
2015-16,10.0,Paul George,25.0,IND,SF,81.0,81.0,34.8,7.5,17.9,0.418,2.6,7.0,0.371,4.9,10.9,0.447,0.49,5.6,6.5,0.86,1.0,6.0,7.0,4.1,1.9,0.4,3.3,2.8,23.1,"AS,NBA3"
2015-16,11.0,Isaiah Thomas,26.0,BOS,PG,82.0,79.0,32.2,7.2,16.9,0.428,2.0,5.7,0.359,5.2,11.2,0.462,0.488,5.8,6.6,0.871,0.6,2.4,3.0,6.2,1.1,0.1,2.7,2.0,22.2,AS
2015-16,12.0,Klay Thompson,25.0,GSW,SG,80.0,80.0,33.3,8.1,17.3,0.47,3.5,8.1,0.425,4.7,9.2,0.51,0.569,2.4,2.8,0.873,0.4,3.4,3.8,2.1,0.8,0.6,1.7,1.9,22.1,"AS,NBA3"
2015-16,13.0,Carmelo Anthony,31.0,NYK,SF,72.0,72.0,35.1,7.9,18.2,0.434,1.5,4.3,0.339,6.4,13.8,0.463,0.474,4.6,5.6,0.829,1.4,6.4,7.7,4.2,0.9,0.5,2.4,2.5,21.8,AS
2015-16,14.0,Blake Griffin,26.0,LAC,PF,35.0,35.0,33.4,8.6,17.2,0.499,0.2,0.5,0.333,8.4,16.7,0.504,0.504,4.0,5.5,0.727,1.5,6.9,8.4,4.9,0.8,0.5,2.4,2.7,21.4,
2015-16,15.0,Kawhi Leonard,24.0,SAS,SF,72.0,72.0,33.1,7.7,15.1,0.506,1.8,4.0,0.443,5.9,11.1,0.528,0.565,4.1,4.6,0.874,1.3,5.5,6.8,2.6,1.8,1.0,1.5,1.8,21.2,"MVP-2,DPOY-1,AS,NBA1"
2015-16,16.0,Kyle Lowry,29.0,TOR,PG,77.0,77.0,37.0,6.6,15.6,0.427,2.8,7.1,0.388,3.9,8.5,0.461,0.516,5.2,6.4,0.811,0.7,4.0,4.7,6.4,2.1,0.4,2.9,2.7,21.2,"MVP-10,DPOY-13,AS,NBA3"
2015-16,17.0,Jimmy Butler,26.0,CHI,SG,67.0,67.0,36.9,7.0,15.4,0.454,1.0,3.1,0.312,6.1,12.4,0.489,0.485,5.9,7.1,0.832,1.2,4.2,5.3,4.8,1.6,0.6,2.0,1.9,20.9,"DPOY-11,AS"
2015-16,18.0,Kemba Walker,25.0,CHO,PG,81.0,81.0,35.6,7.0,16.4,0.427,2.2,6.0,0.371,4.8,10.4,0.459,0.495,4.6,5.4,0.847,0.7,3.7,4.4,5.2,1.6,0.5,2.1,1.4,20.9,
2015-16,19.0,CJ McCollum,24.0,POR,SG,80.0,80.0,34.8,8.0,17.9,0.448,2.5,5.9,0.417,5.6,12.0,0.463,0.517,2.3,2.8,0.827,0.6,2.7,3.2,4.3,1.2,0.3,2.5,2.3,20.8,MIP-1
2015-16,20.0,Andrew Wiggins,20.0,MIN,SF,81.0,81.0,35.1,7.3,16.0,0.459,0.7,2.3,0.3,6.6,13.6,0.486,0.481,5.3,7.0,0.761,1.3,2.3,3.6,2.0,1.0,0.6,2.2,2.0,20.7,
2015-16,21.0,Brook Lopez,27.0,BRK,C,73.0,73.0,33.7,8.1,15.8,0.511,0.0,0.2,0.143,8.1,15.7,0.515,0.512,4.3,5.5,0.787,2.8,5.1,7.8,2.0,0.8,1.7,2.4,2.9,20.6,
2015-16,22.0,Eric Bledsoe,26.0,PHO,PG,31.0,31.0,34.2,7.2,15.9,0.453,1.5,4.2,0.372,5.6,11.7,0.482,0.502,4.5,5.5,0.802,0.6,3.5,4.0,6.1,2.0,0.6,3.5,2.4,20.4,
2015-16,23.0,John Wall,25.0,WAS,PG,77.0,77.0,36.2,7.4,17.5,0.424,1.5,4.3,0.351,5.9,13.3,0.448,0.467,3.5,4.5,0.791,0.5,4.4,4.9,10.2,1.9,0.8,4.1,2.1,19.9,AS
2015-16,24.0,Gordon Hayward,25.0,UTA,SF,80.0,80.0,36.2,6.5,15.0,0.433,1.8,5.1,0.349,4.7,9.9,0.477,0.493,4.9,6.0,0.824,0.8,4.2,5.0,3.7,1.2,0.3,2.5,2.3,19.7,
2015-16,25.0,Kyrie Irving,23.0,CLE,PG,53.0,53.0,31.5,7.4,16.6,0.448,1.6,4.9,0.321,5.8,11.6,0.502,0.496,3.2,3.6,0.885,0.8,2.1,3.0,4.7,1.1,0.3,2.3,2.0,19.6,
2015-16,26.0,Brandon Knight,24.0,PHO,SG,52.0,50.0,36.0,7.1,17.2,0.415,2.3,6.8,0.342,4.8,10.5,0.461,0.482,3.0,3.5,0.852,0.7,3.2,3.9,5.1,1.2,0.4,3.4,2.4,19.6,
2015-16,27.0,Danilo Gallinari,27.0,DEN,SF,53.0,53.0,34.7,5.4,13.2,0.41,1.6,4.5,0.364,3.8,8.7,0.434,0.472,7.1,8.2,0.868,1.0,4.3,5.3,2.5,0.8,0.4,1.5,1.6,19.5,
2015-16,28.0,Chris Paul,30.0,LAC,PG,74.0,74.0,32.7,7.0,15.1,0.462,1.6,4.4,0.371,5.3,10.6,0.501,0.517,4.0,4.4,0.896,0.5,3.7,4.2,10.0,2.1,0.2,2.6,2.5,19.5,"MVP-6,DPOY-13,AS,NBA2"
2015-16,29.0,Chris Bosh,31.0,MIA,PF,53.0,53.0,33.5,6.8,14.5,0.467,1.5,4.2,0.365,5.2,10.3,0.508,0.52,4.0,5.1,0.795,0.9,6.5,7.4,2.4,0.7,0.6,1.5,1.9,19.1,AS
2015-16,30.0,Dwyane Wade,34.0,MIA,SG,74.0,73.0,30.5,7.3,16.0,0.456,0.1,0.6,0.159,7.2,15.4,0.468,0.459,4.4,5.5,0.793,1.1,3.0,4.1,4.6,1.1,0.6,2.7,1.6,19.0,AS
2015-16,31.0,Reggie Jackson,25.0,DET,PG,79.0,79.0,30.7,6.8,15.7,0.434,1.5,4.2,0.353,5.3,11.5,0.464,0.482,3.7,4.3,0.864,0.7,2.5,3.2,6.2,0.7,0.1,2.8,2.4,18.8,
2015-16,32.0,Dirk Nowitzki,37.0,DAL,PF,75.0,75.0,31.5,6.6,14.8,0.448,1.7,4.6,0.368,5.0,10.3,0.483,0.504,3.3,3.7,0.893,0.7,5.8,6.5,1.8,0.7,0.7,1.1,2.1,18.3,
2015-16,33.0,Karl-Anthony Towns,20.0,MIN,C,82.0,82.0,32.0,7.6,14.1,0.542,0.4,1.1,0.341,7.3,13.0,0.559,0.555,2.7,3.4,0.811,2.8,7.7,10.5,2.0,0.7,1.7,2.2,3.0,18.3,ROY-1
2015-16,34.0,Khris Middleton,24.0,MIL,SG,79.0,79.0,36.1,6.4,14.5,0.444,1.8,4.6,0.396,4.6,9.9,0.466,0.507,3.5,3.9,0.888,0.6,3.3,3.8,4.2,1.7,0.2,2.3,2.6,18.2,
2015-16,35.0,Nikola Vucevic,25.0,ORL,C,65.0,60.0,31.3,8.2,16.1,0.51,0.0,0.1,0.222,8.2,16.0,0.512,0.511,1.7,2.3,0.753,2.7,6.2,8.9,2.8,0.8,1.1,1.9,2.7,18.2,
2015-16,36.0,LaMarcus Aldridge,30.0,SAS,PF,74.0,74.0,30.6,7.2,14.1,0.513,0.0,0.2,0.0,7.2,13.9,0.521,0.513,3.5,4.1,0.858,2.4,6.2,8.5,1.5,0.5,1.1,1.3,2.0,18.0,"AS,NBA3"
2015-16,37.0,Kobe Bryant,37.0,LAL,SF,66.0,66.0,28.2,6.0,16.9,0.358,2.0,7.1,0.285,4.0,9.8,0.41,0.417,3.5,4.3,0.826,0.6,3.1,3.7,2.8,0.9,0.2,2.0,1.7,17.6,AS
2015-16,38.0,Jahlil Okafor,20.0,PHI,C,53.0,48.0,30.0,7.5,14.7,0.508,0.0,0.1,0.167,7.5,14.6,0.511,0.509,2.5,3.7,0.686,2.3,4.7,7.0,1.2,0.4,1.2,2.3,2.6,17.5,ROY-5
2015-16,39.0,Bradley Beal,22.0,WAS,SG,55.0,35.0,31.1,6.5,14.5,0.449,1.9,4.9,0.387,4.6,9.6,0.481,0.515,2.5,3.2,0.767,0.7,2.7,3.4,2.9,1.0,0.2,2.0,2.1,17.4,
2015-16,40.0,Rudy Gay,29.0,SAC,SF,70.0,70.0,34.0,6.7,14.4,0.463,1.1,3.1,0.344,5.6,11.3,0.495,0.5,2.8,3.6,0.78,1.5,5.0,6.5,1.7,1.4,0.7,2.0,2.6,17.2,
2015-16,41.0,Paul Millsap,30.0,ATL,PF,81.0,81.0,32.7,6.2,13.2,0.47,0.9,2.9,0.319,5.3,10.3,0.512,0.505,3.8,5.0,0.757,2.4,6.6,9.0,3.3,1.8,1.7,2.4,2.9,17.1,"DPOY-5,AS"
2015-16,42.0,Ryan Anderson,27.0,NOP,PF,66.0,7.0,30.4,6.0,14.1,0.427,2.0,5.4,0.366,4.0,8.7,0.466,0.498,3.0,3.5,0.873,2.0,4.0,6.0,1.1,0.6,0.4,1.4,1.7,17.0,6MOY-6
2015-16,43.0,Giannis Antetokounmpo,21.0,MIL,PG,80.0,79.0,35.3,6.4,12.7,0.506,0.4,1.4,0.257,6.1,11.3,0.537,0.52,3.7,5.1,0.724,1.4,6.2,7.7,4.3,1.2,1.4,2.6,3.2,16.9,
2015-16,44.0,Jrue Holiday,25.0,NOP,PG,65.0,23.0,28.2,6.3,14.4,0.439,1.3,4.0,0.336,5.0,10.4,0.478,0.485,2.8,3.3,0.843,0.4,2.6,3.0,6.0,1.4,0.3,2.6,2.3,16.8,6MOY-16
2015-16,45.0,Marc Gasol,31.0,MEM,C,52.0,52.0,34.4,6.3,13.6,0.464,0.0,0.1,0.667,6.3,13.5,0.463,0.465,3.9,4.7,0.829,1.1,5.8,7.0,3.8,1.0,1.3,2.3,2.7,16.6,
2015-16,46.0,Tobias Harris,23.0,2TM,PF,76.0,74.0,33.1,5.5,11.7,0.469,1.1,3.1,0.335,4.4,8.6,0.518,0.514,2.7,3.2,0.831,1.3,5.4,6.7,2.2,0.9,0.5,1.4,2.0,14.7,
2015-16,46.0,Tobias Harris,23.0,ORL,PF,49.0,49.0,32.9,5.1,11.0,0.464,1.0,3.1,0.311,4.2,8.0,0.523,0.507,2.4,3.1,0.784,1.4,5.5,7.0,2.0,1.0,0.6,1.6,1.9,13.7,
2015-16,46.0,Tobias Harris,23.0,DET,PF,27.0,25.0,33.4,6.1,12.9,0.477,1.2,3.3,0.375,4.9,9.6,0.512,0.524,3.0,3.3,0.911,0.9,5.3,6.2,2.6,0.7,0.4,1.1,2.3,16.6,
2015-16,47.0,Pau Gasol,35.0,CHI,C,72.0,72.0,31.8,6.5,13.8,0.469,0.3,1.0,0.348,6.2,12.9,0.478,0.481,3.2,4.0,0.792,2.2,8.9,11.0,4.1,0.6,2.0,2.3,2.1,16.5,AS
2015-16,48.0,Derrick Favors,24.0,UTA,PF,62.0,59.0,32.0,6.7,13.1,0.515,0.0,0.1,0.0,6.7,13.0,0.518,0.515,2.9,4.1,0.709,2.7,5.4,8.1,1.5,1.2,1.5,1.7,2.4,16.4,
2015-16,49.0,Derrick Rose,27.0,CHI,PG,66.0,66.0,31.8,6.8,15.9,0.427,0.7,2.3,0.293,6.1,13.6,0.449,0.448,2.2,2.7,0.793,0.7,2.7,3.4,4.7,0.7,0.2,2.7,1.3,16.4,
2015-16,50.0,JJ Redick,31.0,LAC,SG,75.0,75.0,28.0,5.6,11.7,0.48,2.7,5.6,0.475,3.0,6.1,0.484,0.593,2.4,2.7,0.888,0.1,1.7,1.9,1.4,0.6,0.1,1.0,1.8,16.3,
2015-16,51.0,Andre Drummond,22.0,DET,C,81.0,81.0,32.9,6.8,13.1,0.521,0.0,0.1,0.333,6.8,13.0,0.522,0.522,2.6,7.2,0.355,4.9,9.9,14.8,0.8,1.5,1.4,1.9,3.0,16.2,"DPOY-10,AS,NBA3"
2015-16,52.0,Kevin Love,27.0,CLE,PF,77.0,77.0,31.5,5.3,12.7,0.419,2.1,5.7,0.36,3.3,7.0,0.467,0.499,3.4,4.1,0.822,1.9,8.0,9.9,2.4,0.8,0.5,1.8,2.1,16.0,
2015-16,53.0,Victor Oladipo,23.0,ORL,SG,72.0,52.0,33.0,5.9,13.5,0.438,1.4,3.9,0.348,4.5,9.6,0.475,0.489,2.8,3.4,0.83,0.7,4.1,4.8,3.9,1.6,0.8,2.1,2.4,16.0,
2015-16,54.0,James Ennis III,25.0,3TM,SF,22.0,5.0,15.0,2.5,5.1,0.478,1.2,2.6,0.448,1.3,2.5,0.509,0.593,1.1,1.5,0.735,1.0,1.0,1.9,1.0,0.7,0.2,0.9,1.3,7.2,
2015-16,54.0,James Ennis III,25.0,MIA,SF,3.0,0.0,2.3,0.0,0.0,,0.0,0.0,,0.0,0.0,,,0.0,0.0,,0.0,0.0,0.0,0.3,0.0,0.0,0.0,0.3,0.0,
2015-16,54.0,James Ennis III,25.0,MEM,SF,10.0,0.0,4.0,0.4,1.3,0.308,0.2,0.8,0.25,0.2,0.5,0.4,0.385,0.6,1.0,0.6,0.4,0.3,0.7,0.2,0.4,0.2,0.2,0.1,1.6,
2015-16,54.0,James Ennis III,25.0,NOP,SF,9.0,5.0,31.3,5.6,11.1,0.5,2.7,5.6,0.48,2.9,5.6,0.52,0.62,2.1,2.7,0.792,1.9,2.0,3.9,2.0,1.3,0.3,1.9,2.9,15.9,
2015-16,55.0,Jeff Teague,27.0,ATL,PG,79.0,78.0,28.5,5.5,12.5,0.439,1.4,3.5,0.4,4.1,9.0,0.454,0.495,3.3,3.9,0.837,0.4,2.3,2.7,5.9,1.2,0.3,2.8,2.1,15.7,
2015-16,56.0,Jordan Clarkson,23.0,LAL,SG,79.0,79.0,32.3,6.0,13.9,0.433,1.4,4.1,0.347,4.6,9.8,0.468,0.483,2.1,2.6,0.804,1.2,2.8,4.0,2.4,1.1,0.1,1.7,2.1,15.5,
2015-16,57.0,Evan Fournier,23.0,ORL,SF,79.0,71.0,32.5,5.4,11.8,0.462,2.0,4.9,0.4,3.5,6.8,0.506,0.546,2.5,3.0,0.836,0.4,2.4,2.8,2.7,1.2,0.0,1.7,2.7,15.4,
2015-16,58.0,Mike Conley,28.0,MEM,PG,56.0,56.0,31.4,5.3,12.4,0.422,1.4,3.8,0.363,3.9,8.6,0.449,0.478,3.4,4.1,0.834,0.5,2.5,2.9,6.1,1.2,0.3,1.5,1.8,15.3,
2015-16,59.0,Greg Monroe,25.0,MIL,C,79.0,67.0,29.3,6.2,11.9,0.522,0.0,0.0,0.0,6.2,11.9,0.522,0.522,2.9,3.9,0.74,2.8,6.1,8.8,2.3,0.9,0.8,1.6,2.1,15.3,
2015-16,60.0,Zach Randolph,34.0,MEM,PF,68.0,53.0,29.6,6.3,13.3,0.475,0.1,0.4,0.231,6.3,13.0,0.482,0.479,2.5,3.2,0.796,2.6,5.1,7.8,2.1,0.6,0.2,1.5,2.1,15.3,
2015-16,61.0,Lou Williams,29.0,LAL,SG,67.0,35.0,28.5,4.2,10.3,0.408,1.6,4.8,0.344,2.6,5.6,0.464,0.488,5.3,6.3,0.83,0.5,2.1,2.5,2.5,0.9,0.3,1.6,1.6,15.3,
2015-16,62.0,Avery Bradley,25.0,BOS,SG,76.0,72.0,33.4,6.0,13.4,0.447,1.9,5.4,0.361,4.1,8.1,0.505,0.52,1.3,1.6,0.78,0.6,2.3,2.9,2.1,1.5,0.3,1.4,2.2,15.2,DPOY-6
2015-16,63.0,Tyreke Evans,26.0,NOP,SG,25.0,25.0,30.6,5.4,12.6,0.433,1.3,3.4,0.388,4.1,9.2,0.45,0.486,3.0,3.7,0.796,0.8,4.4,5.2,6.6,1.3,0.3,2.9,2.6,15.2,
2015-16,64.0,Eric Gordon,27.0,NOP,SG,45.0,44.0,32.9,5.1,12.3,0.418,2.5,6.5,0.384,2.6,5.7,0.457,0.521,2.5,2.8,0.888,0.2,2.0,2.2,2.7,1.0,0.3,1.6,2.2,15.2,
2015-16,65.0,Al Horford,29.0,ATL,C,82.0,82.0,32.1,6.5,12.8,0.505,1.1,3.1,0.344,5.4,9.7,0.557,0.547,1.3,1.6,0.798,1.8,5.5,7.3,3.2,0.8,1.5,1.3,2.0,15.2,"DPOY-13,AS"
2015-16,66.0,Thaddeus Young,27.0,BRK,PF,73.0,73.0,33.0,6.8,13.2,0.514,0.1,0.4,0.233,6.7,12.8,0.523,0.518,1.4,2.2,0.644,2.4,6.6,9.0,1.9,1.5,0.5,1.9,2.5,15.1,
2015-16,67.0,Nicolas Batum,27.0,CHO,SF,70.0,70.0,35.0,5.3,12.5,0.426,2.0,5.7,0.348,3.3,6.8,0.492,0.506,2.3,2.7,0.849,0.8,5.3,6.1,5.8,0.9,0.6,2.9,1.6,14.9,
2015-16,68.0,Ish Smith,27.0,2TM,PG,77.0,53.0,29.1,5.2,12.6,0.411,0.7,2.2,0.329,4.4,10.4,0.428,0.44,1.6,2.3,0.693,0.6,3.4,4.0,6.5,1.1,0.3,2.3,1.7,12.6,
2015-16,68.0,Ish Smith,27.0,NOP,PG,27.0,3.0,22.9,3.6,8.4,0.43,0.4,1.2,0.303,3.3,7.2,0.451,0.452,1.2,1.6,0.767,0.5,2.9,3.4,5.7,0.9,0.2,1.7,1.4,8.9,
2015-16,68.0,Ish Smith,27.0,PHI,PG,50.0,50.0,32.4,6.0,14.8,0.405,0.9,2.7,0.336,5.1,12.0,0.42,0.436,1.8,2.7,0.669,0.6,3.7,4.3,7.0,1.3,0.4,2.6,1.9,14.7,
2015-16,69.0,Kentavious Caldwell-Pope,22.0,DET,SG,76.0,76.0,36.7,5.3,12.6,0.42,1.5,4.9,0.309,3.8,7.8,0.489,0.479,2.4,3.0,0.811,0.9,2.8,3.7,1.8,1.4,0.2,1.4,2.2,14.5,
2015-16,70.0,Rodney Hood,23.0,UTA,SG,79.0,79.0,32.2,5.2,12.3,0.42,2.0,5.7,0.359,3.1,6.6,0.472,0.503,2.2,2.5,0.86,0.5,2.9,3.4,2.7,0.9,0.2,1.6,2.6,14.5,
2015-16,71.0,Will Barton,25.0,DEN,SG,82.0,1.0,28.7,5.2,12.0,0.432,1.4,4.0,0.345,3.8,8.0,0.476,0.489,2.6,3.3,0.806,0.7,5.1,5.8,2.5,0.9,0.5,1.7,1.8,14.4,6MOY-4
2015-16,72.0,Kristaps Porzingis,20.0,NYK,PF,72.0,72.0,28.4,5.2,12.3,0.421,1.1,3.4,0.333,4.1,8.9,0.454,0.467,2.8,3.3,0.838,1.8,5.5,7.3,1.3,0.7,1.9,1.7,2.8,14.3,ROY-2
2015-16,73.0,Jamal Crawford,35.0,LAC,SG,79.0,5.0,26.9,4.8,11.9,0.404,1.5,4.4,0.34,3.3,7.5,0.44,0.466,3.1,3.4,0.904,0.3,1.6,1.8,2.3,0.7,0.2,1.4,1.5,14.2,6MOY-1
2015-16,74.0,Jae Crowder,25.0,BOS,SF,73.0,73.0,31.6,4.9,11.1,0.443,1.7,5.0,0.336,3.3,6.2,0.529,0.518,2.7,3.3,0.82,1.0,4.2,5.1,1.8,1.7,0.5,1.1,2.7,14.2,DPOY-13
2015-16,75.0,Lance Stephenson,25.0,2TM,SF,69.0,13.0,19.9,3.3,6.9,0.481,0.4,1.1,0.385,2.9,5.7,0.5,0.513,1.3,1.6,0.784,0.6,2.7,3.2,1.9,0.6,0.1,1.4,2.0,8.3,
2015-16,75.0,Lance Stephenson,25.0,LAC,SF,43.0,10.0,15.8,1.9,3.9,0.494,0.4,1.1,0.404,1.5,2.8,0.529,0.551,0.5,0.7,0.7,0.4,2.1,2.5,1.4,0.6,0.1,1.1,1.8,4.7,
2015-16,75.0,Lance Stephenson,25.0,MEM,SF,26.0,3.0,26.6,5.6,11.8,0.474,0.4,1.2,0.355,5.2,10.7,0.487,0.492,2.5,3.1,0.815,0.8,3.6,4.4,2.8,0.7,0.2,1.8,2.2,14.2,
2015-16,76.0,Hassan Whiteside,26.0,MIA,C,73.0,43.0,29.1,5.7,9.3,0.606,0.0,0.0,,5.7,9.3,0.606,0.606,2.9,4.5,0.65,3.3,8.6,11.8,0.4,0.6,3.7,1.9,2.8,14.2,DPOY-3
2015-16,77.0,Goran Dragic,29.0,MIA,PG,72.0,72.0,32.8,5.8,12.2,0.477,0.9,2.8,0.312,4.9,9.3,0.527,0.513,1.7,2.3,0.727,0.8,3.1,3.8,5.8,1.0,0.2,2.6,2.6,14.1,
2015-16,78.0,Marcus Morris,26.0,DET,SF,80.0,80.0,35.7,5.1,11.8,0.434,1.4,3.7,0.362,3.8,8.1,0.467,0.491,2.5,3.4,0.749,1.1,3.9,5.1,2.5,0.8,0.3,1.8,2.1,14.1,
2015-16,79.0,Jabari Parker,20.0,MIL,PF,76.0,72.0,31.7,5.8,11.8,0.493,0.1,0.5,0.257,5.7,11.4,0.502,0.498,2.3,3.0,0.768,1.6,3.6,5.2,1.7,0.9,0.4,1.5,2.0,14.1,
2015-16,80.0,Deron Williams,31.0,DAL,PG,65.0,63.0,32.4,4.9,11.9,0.414,1.5,4.3,0.344,3.4,7.6,0.454,0.477,2.8,3.2,0.869,0.3,2.6,2.9,5.8,0.9,0.2,2.3,2.4,14.1,
2015-16,81.0,Darren Collison,28.0,SAC,PG,74.0,15.0,30.0,5.1,10.5,0.486,1.2,2.9,0.401,3.9,7.6,0.519,0.542,2.6,3.1,0.858,0.4,1.9,2.3,4.3,1.0,0.1,1.8,1.9,14.0,6MOY-15
2015-16,82.0,Draymond Green,25.0,GSW,PF,81.0,81.0,34.7,5.0,10.1,0.49,1.2,3.2,0.388,3.7,6.9,0.537,0.551,2.8,4.1,0.696,1.7,7.8,9.5,7.4,1.5,1.4,3.2,3.0,14.0,"MVP-7,DPOY-2,AS,NBA2"
2015-16,83.0,Zach LaVine,20.0,MIN,SG,82.0,33.0,28.0,5.3,11.7,0.452,1.5,3.9,0.389,3.8,7.8,0.482,0.516,2.0,2.5,0.793,0.3,2.5,2.8,3.1,0.8,0.2,1.9,2.4,14.0,6MOY-14
2015-16,84.0,Devin Booker,19.0,PHO,SG,76.0,51.0,27.7,4.8,11.4,0.423,1.3,3.8,0.343,3.5,7.6,0.464,0.48,2.8,3.4,0.84,0.4,2.1,2.5,2.6,0.6,0.3,2.1,3.0,13.8,ROY-4
2015-16,85.0,Monta Ellis,30.0,IND,SG,81.0,81.0,33.8,5.4,12.6,0.427,1.1,3.5,0.309,4.3,9.1,0.472,0.47,2.0,2.5,0.786,0.5,2.8,3.3,4.7,1.9,0.5,2.5,2.1,13.8,
2015-16,86.0,Sean Kilpatrick,26.0,2TM,SG,31.0,0.0,19.9,4.0,8.7,0.456,1.3,3.7,0.342,2.7,5.0,0.538,0.528,1.9,2.2,0.896,0.4,1.4,1.8,0.9,0.4,0.1,1.0,1.2,11.1,
2015-16,86.0,Sean Kilpatrick,26.0,DEN,SG,8.0,0.0,10.3,1.0,2.6,0.381,0.5,2.1,0.235,0.5,0.5,1.0,0.476,0.9,1.0,0.875,0.3,0.5,0.8,0.4,0.3,0.0,0.5,0.9,3.4,
2015-16,86.0,Sean Kilpatrick,26.0,BRK,SG,23.0,0.0,23.2,5.0,10.8,0.462,1.5,4.2,0.361,3.5,6.6,0.526,0.532,2.3,2.6,0.898,0.4,1.7,2.2,1.1,0.4,0.1,1.2,1.3,13.8,
2015-16,87.0,Dwight Howard,30.0,HOU,C,71.0,71.0,32.1,5.2,8.5,0.62,0.0,0.1,0.0,5.2,8.4,0.626,0.62,3.3,6.7,0.489,3.4,8.4,11.8,1.4,1.0,1.6,2.3,3.1,13.7,
2015-16,88.0,Chandler Parsons,27.0,DAL,SF,61.0,51.0,29.5,5.2,10.7,0.492,1.7,4.1,0.414,3.5,6.6,0.54,0.571,1.5,2.2,0.684,0.5,4.2,4.7,2.8,0.8,0.3,1.6,1.9,13.7,
2015-16,89.0,Marcin Gortat,31.0,WAS,C,75.0,74.0,30.1,5.8,10.2,0.567,0.0,0.0,0.0,5.8,10.2,0.567,0.567,1.9,2.8,0.705,3.0,6.9,9.9,1.4,0.6,1.3,1.6,2.6,13.5,
2015-16,90.0,Joe Johnson,34.0,2TM,SF,81.0,81.0,33.4,4.7,10.6,0.439,1.5,3.9,0.383,3.2,6.7,0.471,0.509,1.5,1.8,0.831,0.6,3.0,3.6,3.9,0.8,0.0,2.0,1.8,12.2,
2015-16,90.0,Joe Johnson,34.0,BRK,SF,57.0,57.0,33.9,4.3,10.7,0.406,1.5,4.0,0.371,2.8,6.6,0.427,0.476,1.6,1.9,0.852,0.6,3.3,3.9,4.1,0.7,0.0,2.0,1.8,11.8,
2015-16,90.0,Joe Johnson,34.0,MIA,SF,24.0,24.0,32.0,5.4,10.5,0.518,1.5,3.5,0.417,4.0,7.0,0.569,0.588,1.1,1.4,0.765,0.6,2.2,2.8,3.6,0.9,0.1,1.8,1.9,13.4,
2015-16,91.0,Alec Burks,24.0,UTA,SG,31.0,3.0,25.7,4.4,10.8,0.41,1.0,2.5,0.405,3.4,8.2,0.412,0.458,3.4,4.5,0.752,0.5,3.0,3.5,2.0,0.6,0.1,1.6,2.3,13.3,
2015-16,92.0,D'Angelo Russell,19.0,LAL,PG,80.0,48.0,28.2,4.9,12.0,0.41,1.6,4.6,0.351,3.3,7.3,0.447,0.478,1.8,2.4,0.737,0.6,2.8,3.4,3.3,1.2,0.2,2.5,1.8,13.2,ROY-9
2015-16,93.0,Tim Frazier,25.0,2TM,PG,51.0,2.0,14.5,1.9,4.5,0.419,0.3,0.9,0.333,1.6,3.5,0.442,0.454,1.0,1.5,0.716,0.5,1.6,2.2,3.2,0.6,0.0,1.3,1.4,5.1,
2015-16,93.0,Tim Frazier,25.0,POR,PG,35.0,1.0,7.8,0.6,1.7,0.333,0.1,0.5,0.176,0.5,1.2,0.395,0.358,0.2,0.4,0.533,0.3,0.8,1.1,1.2,0.3,0.0,0.8,0.9,1.5,
2015-16,93.0,Tim Frazier,25.0,NOP,PG,16.0,1.0,29.3,4.8,10.6,0.45,0.8,1.9,0.419,3.9,8.6,0.457,0.488,2.8,3.7,0.763,0.9,3.5,4.4,7.5,1.4,0.1,2.4,2.6,13.1,
2015-16,94.0,Dahntay Jones,35.0,CLE,SF,1.0,0.0,42.0,6.0,14.0,0.429,1.0,2.0,0.5,5.0,12.0,0.417,0.464,0.0,0.0,,1.0,4.0,5.0,2.0,1.0,2.0,0.0,6.0,13.0,
2015-16,95.0,Arron Afflalo,30.0,NYK,SG,71.0,57.0,33.4,5.0,11.3,0.443,1.3,3.4,0.382,3.7,7.9,0.469,0.5,1.5,1.8,0.84,0.3,3.4,3.7,2.0,0.4,0.1,1.2,2.0,12.8,
2015-16,96.0,Michael Beasley,27.0,HOU,PF,20.0,0.0,18.2,5.4,10.3,0.522,0.2,0.5,0.333,5.2,9.8,0.531,0.529,1.9,2.5,0.776,1.5,3.5,4.9,0.8,0.6,0.5,1.2,2.0,12.8,
2015-16,97.0,Robert Covington,25.0,PHI,SF,67.0,49.0,28.4,4.1,10.6,0.385,2.5,7.2,0.353,1.6,3.4,0.452,0.504,2.1,2.6,0.791,1.0,5.3,6.3,1.4,1.6,0.6,2.1,3.5,12.8,
2015-16,98.0,Jarrett Jack,32.0,BRK,PG,32.0,32.0,32.1,4.4,11.2,0.391,1.0,3.2,0.304,3.4,8.0,0.426,0.434,3.1,3.5,0.893,0.3,4.0,4.3,7.4,1.1,0.2,2.9,2.4,12.8,
2015-16,99.0,Emmanuel Mudiay,19.0,DEN,PG,68.0,66.0,30.4,4.8,13.3,0.364,1.1,3.4,0.319,3.8,9.9,0.379,0.404,2.1,3.1,0.67,0.5,2.9,3.4,5.5,1.0,0.5,3.2,2.1,12.8,ROY-7
2015-16,100.0,Jonas Valanciunas,23.0,TOR,C,60.0,59.0,26.0,5.1,8.9,0.565,0.0,0.0,,5.1,8.9,0.565,0.565,2.7,3.6,0.761,3.1,6.1,9.1,0.7,0.4,1.3,1.4,2.6,12.8,
2015-16,101.0,Trevor Ariza,30.0,HOU,SF,81.0,81.0,35.3,4.4,10.6,0.416,2.3,6.2,0.371,2.1,4.4,0.478,0.523,1.6,2.0,0.783,0.8,3.7,4.5,2.3,2.0,0.3,1.4,2.2,12.7,DPOY-13
2015-16,102.0,DeAndre Jordan,27.0,LAC,C,77.0,77.0,33.7,4.6,6.6,0.703,0.0,0.0,0.0,4.6,6.6,0.704,0.703,3.5,8.0,0.43,3.5,10.3,13.8,1.2,0.7,2.3,1.4,2.7,12.7,"DPOY-4,NBA1"
2015-16,103.0,Enes Freedom,23.0,OKC,C,82.0,1.0,21.0,5.0,8.8,0.576,0.1,0.3,0.476,4.9,8.5,0.579,0.583,2.4,3.1,0.797,3.0,5.1,8.1,0.4,0.3,0.4,1.4,2.0,12.7,6MOY-3
2015-16,104.0,Michael Kidd-Gilchrist,22.0,CHO,SF,7.0,7.0,29.3,4.7,8.7,0.541,0.4,1.0,0.429,4.3,7.7,0.556,0.566,2.9,4.1,0.69,1.7,4.7,6.4,1.3,0.4,0.4,1.1,1.3,12.7,
2015-16,105.0,Shelvin Mack,25.0,2TM,PG,52.0,27.0,20.3,3.5,8.0,0.439,0.8,2.4,0.312,2.8,5.6,0.493,0.486,0.9,1.2,0.738,0.3,2.2,2.5,3.6,0.7,0.1,1.8,1.4,8.6,
2015-16,105.0,Shelvin Mack,25.0,ATL,PG,24.0,0.0,7.5,1.7,4.0,0.421,0.2,1.1,0.148,1.5,2.8,0.529,0.442,0.4,0.5,0.75,0.1,0.8,0.9,1.6,0.3,0.0,0.6,0.3,3.9,
2015-16,105.0,Shelvin Mack,25.0,UTA,PG,28.0,27.0,31.4,5.1,11.4,0.444,1.3,3.5,0.357,3.8,7.9,0.482,0.498,1.3,1.8,0.735,0.4,3.4,3.8,5.3,0.9,0.1,2.9,2.3,12.7,
2015-16,106.0,Serge Ibaka,26.0,OKC,PF,78.0,78.0,32.1,5.3,11.1,0.479,0.8,2.4,0.326,4.6,8.8,0.52,0.513,1.2,1.6,0.752,1.8,5.0,6.8,0.8,0.5,1.9,1.4,2.7,12.6,
2015-16,107.0,Kenneth Faried,26.0,DEN,PF,67.0,64.0,25.3,5.2,9.3,0.558,0.0,0.0,0.5,5.2,9.3,0.558,0.558,2.0,3.3,0.613,3.5,5.2,8.7,1.2,0.5,0.9,1.4,2.5,12.5,
2015-16,108.0,Wesley Matthews,29.0,DAL,SF,78.0,78.0,33.9,4.2,10.9,0.388,2.4,6.7,0.36,1.8,4.2,0.432,0.498,1.6,1.9,0.863,0.3,2.7,3.1,1.9,1.0,0.2,1.0,2.3,12.5,
2015-16,109.0,Markieff Morris,26.0,2TM,PF,64.0,45.0,25.5,4.8,11.2,0.425,0.7,2.4,0.303,4.0,8.8,0.458,0.458,1.7,2.3,0.735,1.1,4.4,5.5,1.9,0.9,0.5,2.1,2.9,12.0,
2015-16,109.0,Markieff Morris,26.0,PHO,PF,37.0,24.0,24.8,4.6,11.6,0.397,0.6,2.1,0.289,4.0,9.6,0.42,0.422,1.8,2.5,0.717,1.2,4.1,5.2,2.4,0.9,0.5,2.4,2.8,11.6,
2015-16,109.0,Markieff Morris,26.0,WAS,PF,27.0,21.0,26.4,5.0,10.6,0.467,0.9,2.9,0.316,4.0,7.7,0.524,0.51,1.6,2.0,0.764,1.1,4.7,5.9,1.4,0.9,0.6,1.7,3.0,12.4,
2015-16,110.0,J.R. Smith,30.0,CLE,SG,77.0,77.0,30.7,4.6,11.0,0.415,2.6,6.6,0.4,1.9,4.4,0.438,0.535,0.6,0.9,0.634,0.6,2.3,2.8,1.7,1.1,0.3,0.8,2.6,12.4,
2015-16,111.0,Luol Deng,30.0,MIA,PF,74.0,73.0,32.4,4.6,10.1,0.455,1.2,3.5,0.344,3.4,6.6,0.513,0.514,2.0,2.6,0.755,1.5,4.5,6.0,1.9,1.0,0.4,1.1,1.6,12.3,
2015-16,112.0,Gary Harris,21.0,DEN,SG,76.0,76.0,32.1,4.7,10.1,0.469,1.4,3.9,0.354,3.3,6.2,0.543,0.538,1.4,1.8,0.82,0.7,2.2,2.9,1.9,1.3,0.2,1.3,1.9,12.3,
2015-16,113.0,Jeff Green,29.0,2TM,SF,80.0,41.0,28.2,4.4,10.3,0.43,0.8,2.7,0.315,3.6,7.6,0.47,0.47,2.1,2.8,0.745,0.9,3.2,4.2,1.7,0.7,0.5,1.2,2.1,11.7,
2015-16,113.0,Jeff Green,29.0,MEM,SF,53.0,31.0,29.1,4.5,10.5,0.431,0.8,2.6,0.309,3.7,7.9,0.47,0.469,2.3,2.9,0.8,1.0,3.5,4.5,1.8,0.8,0.4,1.3,1.9,12.2,
2015-16,113.0,Jeff Green,29.0,LAC,SF,27.0,10.0,26.3,4.2,9.9,0.427,0.9,2.9,0.325,3.3,7.0,0.468,0.474,1.5,2.4,0.615,0.7,2.7,3.4,1.5,0.7,0.8,0.9,2.3,10.9,
2015-16,114.0,Mirza Teletovic,30.0,PHO,PF,79.0,1.0,21.3,4.2,9.8,0.427,2.3,5.8,0.393,1.9,4.0,0.476,0.544,1.5,2.0,0.774,0.7,3.1,3.8,1.1,0.4,0.3,1.1,2.0,12.2,6MOY-16
2015-16,115.0,George Hill,29.0,IND,PG,74.0,73.0,34.1,4.4,10.0,0.441,1.7,4.2,0.408,2.7,5.7,0.466,0.528,1.5,2.0,0.76,0.8,3.2,4.0,3.5,1.1,0.2,1.4,2.0,12.1,
2015-16,116.0,Al Jefferson,31.0,CHO,C,47.0,18.0,23.3,5.2,10.7,0.485,0.0,0.0,,5.2,10.7,0.485,0.485,1.5,2.4,0.649,1.2,5.2,6.4,1.5,0.6,0.9,0.7,2.5,12.0,
2015-16,117.0,Tony Parker,33.0,SAS,PG,72.0,72.0,27.5,4.9,9.9,0.493,0.4,0.9,0.415,4.5,9.0,0.501,0.512,1.8,2.4,0.76,0.2,2.2,2.4,5.3,0.8,0.2,1.8,1.6,11.9,
2015-16,118.0,Rajon Rondo,29.0,SAC,PG,72.0,72.0,35.2,4.9,10.9,0.454,0.9,2.4,0.365,4.1,8.5,0.479,0.494,1.2,2.1,0.58,1.1,5.0,6.0,11.7,2.0,0.1,3.9,2.4,11.9,
2015-16,119.0,Omri Casspi,27.0,SAC,PF,69.0,21.0,27.2,4.3,9.0,0.481,1.6,4.0,0.409,2.7,5.0,0.537,0.571,1.5,2.3,0.648,0.8,5.1,5.9,1.4,0.8,0.2,1.4,2.2,11.8,
2015-16,120.0,C.J. Miles,28.0,IND,SF,64.0,24.0,22.9,4.0,9.9,0.409,2.2,6.0,0.367,1.8,3.9,0.474,0.521,1.5,1.9,0.75,0.4,2.3,2.7,1.0,0.8,0.5,1.1,2.2,11.8,
2015-16,121.0,Nikola Mirotic,24.0,CHI,PF,66.0,38.0,24.9,3.8,9.2,0.407,2.0,5.2,0.39,1.7,4.0,0.43,0.518,2.2,2.7,0.807,0.9,4.6,5.5,1.5,0.9,0.7,1.5,2.3,11.8,
2015-16,122.0,Harrison Barnes,23.0,GSW,SF,66.0,59.0,30.9,4.5,9.6,0.466,1.2,3.2,0.383,3.2,6.3,0.508,0.531,1.5,2.0,0.761,1.2,3.8,4.9,1.8,0.6,0.2,0.9,2.1,11.7,
2015-16,123.0,Jeremy Lin,27.0,CHO,SG,78.0,13.0,26.3,3.8,9.3,0.412,1.0,2.9,0.336,2.9,6.4,0.446,0.464,3.1,3.7,0.815,0.5,2.7,3.2,3.0,0.7,0.5,1.9,2.1,11.7,6MOY-7
2015-16,124.0,Marvin Williams,29.0,CHO,PF,81.0,81.0,28.9,4.2,9.2,0.452,1.9,4.7,0.402,2.3,4.6,0.504,0.554,1.5,1.8,0.833,1.6,4.9,6.4,1.4,0.7,1.0,0.8,1.6,11.7,
2015-16,125.0,D.J. Augustin,28.0,2TM,PG,62.0,0.0,19.0,2.4,5.6,0.423,1.1,2.7,0.405,1.3,2.9,0.44,0.52,1.7,2.1,0.805,0.1,1.4,1.5,3.2,0.6,0.1,1.4,1.4,7.5,
2015-16,125.0,D.J. Augustin,28.0,OKC,PG,34.0,0.0,15.3,1.4,3.6,0.38,0.7,1.8,0.393,0.6,1.8,0.367,0.479,0.8,1.0,0.765,0.1,1.1,1.3,1.9,0.4,0.1,0.9,1.2,4.2,
2015-16,125.0,D.J. Augustin,28.0,DEN,PG,28.0,0.0,23.5,3.6,8.2,0.445,1.6,3.8,0.411,2.1,4.4,0.475,0.541,2.8,3.4,0.819,0.1,1.8,1.9,4.7,0.9,0.1,1.9,1.6,11.6,
2015-16,126.0,Kent Bazemore,26.0,ATL,SF,75.0,68.0,27.8,4.3,9.7,0.441,1.5,4.1,0.357,2.8,5.6,0.502,0.517,1.6,2.0,0.815,0.4,4.7,5.1,2.3,1.3,0.5,1.8,2.3,11.6,
2015-16,127.0,Otto Porter Jr.,22.0,WAS,SF,75.0,73.0,30.3,4.5,9.6,0.473,1.3,3.6,0.367,3.2,6.0,0.536,0.541,1.3,1.7,0.754,1.3,3.9,5.2,1.6,1.4,0.4,0.9,2.2,11.6,
2015-16,128.0,Michael Carter-Williams,24.0,MIL,PG,54.0,37.0,30.5,4.6,10.3,0.452,0.3,1.0,0.273,4.4,9.3,0.472,0.466,2.0,3.0,0.654,0.9,4.2,5.1,5.2,1.5,0.8,2.8,3.0,11.5,
2015-16,129.0,Jordan Hamilton,25.0,NOP,SF,11.0,4.0,27.6,4.5,10.5,0.422,1.2,4.1,0.289,3.3,6.5,0.507,0.478,1.3,1.9,0.667,1.1,4.5,5.6,2.3,0.7,0.3,1.5,2.2,11.4,
2015-16,130.0,Ersan Ilyasova,28.0,2TM,PF,74.0,56.0,25.4,3.8,8.9,0.424,1.3,3.5,0.371,2.5,5.4,0.458,0.496,1.5,2.1,0.721,1.9,3.5,5.4,0.9,0.7,0.4,1.0,2.3,10.4,
2015-16,130.0,Ersan Ilyasova,28.0,DET,PF,52.0,52.0,27.6,4.2,9.8,0.425,1.5,4.1,0.363,2.7,5.6,0.471,0.502,1.5,2.1,0.725,1.9,3.5,5.4,1.1,0.7,0.5,1.1,2.3,11.3,
2015-16,130.0,Ersan Ilyasova,28.0,ORL,PF,22.0,4.0,20.3,2.9,7.0,0.418,0.8,2.0,0.409,2.1,5.0,0.422,0.477,1.5,2.0,0.711,2.0,3.5,5.5,0.5,0.6,0.3,0.5,2.3,8.1,
2015-16,131.0,Julius Randle,21.0,LAL,PF,81.0,60.0,28.2,4.4,10.3,0.429,0.1,0.4,0.278,4.3,9.9,0.436,0.435,2.4,3.3,0.715,2.1,8.1,10.2,1.8,0.7,0.4,1.8,3.0,11.3,
2015-16,132.0,Bojan Bogdanovic,26.0,BRK,SF,79.0,39.0,26.8,4.1,9.5,0.433,1.6,4.3,0.382,2.5,5.2,0.474,0.519,1.4,1.7,0.833,0.5,2.8,3.2,1.3,0.4,0.1,1.5,1.5,11.2,
2015-16,133.0,Nerlens Noel,21.0,PHI,C,67.0,62.0,29.3,4.6,8.8,0.521,0.0,0.0,0.5,4.6,8.7,0.521,0.522,2.0,3.4,0.59,2.3,5.8,8.1,1.8,1.8,1.5,2.4,2.9,11.1,
2015-16,134.0,Isaiah Canaan,24.0,PHI,SG,77.0,39.0,25.5,3.4,9.4,0.36,2.3,6.3,0.363,1.1,3.1,0.354,0.482,1.9,2.3,0.833,0.3,2.0,2.3,1.8,0.7,0.2,1.2,1.7,11.0,
2015-16,135.0,DeMarre Carroll,29.0,TOR,SF,26.0,22.0,30.2,4.0,10.4,0.389,1.8,4.5,0.39,2.3,5.8,0.388,0.474,1.2,1.9,0.6,1.2,3.5,4.7,1.0,1.7,0.2,1.1,2.4,11.0,
2015-16,136.0,Dennis Schroder,22.0,ATL,PG,80.0,6.0,20.3,4.1,9.8,0.421,1.0,3.0,0.322,3.2,6.8,0.465,0.471,1.8,2.3,0.791,0.3,2.2,2.6,4.4,0.9,0.1,2.3,1.7,11.0,6MOY-9
2015-16,137.0,T.J. Warren,22.0,PHO,SF,47.0,4.0,22.8,4.7,9.4,0.501,0.6,1.5,0.4,4.1,7.9,0.52,0.533,1.0,1.4,0.703,1.2,1.9,3.1,0.9,0.8,0.3,0.7,2.0,11.0,
2015-16,138.0,J.J. Barea,31.0,DAL,PG,74.0,16.0,22.5,4.3,9.6,0.446,1.4,3.5,0.385,2.9,6.1,0.481,0.516,1.0,1.3,0.771,0.4,1.7,2.1,4.1,0.4,0.0,1.5,1.5,10.9,6MOY-12
2015-16,139.0,Mario Chalmers,29.0,2TM,PG,61.0,7.0,22.5,3.0,7.3,0.41,0.8,2.4,0.309,2.2,4.8,0.461,0.462,3.6,4.3,0.832,0.4,2.2,2.6,3.8,1.4,0.2,1.8,3.0,10.3,
2015-16,139.0,Mario Chalmers,29.0,MIA,PG,6.0,0.0,20.0,1.7,5.3,0.313,0.2,1.8,0.091,1.5,3.5,0.429,0.328,2.0,2.2,0.923,0.2,2.2,2.3,3.2,1.3,0.2,1.5,2.7,5.5,
2015-16,139.0,Mario Chalmers,29.0,MEM,PG,55.0,7.0,22.8,3.1,7.5,0.417,0.8,2.5,0.326,2.3,5.0,0.464,0.472,3.7,4.5,0.827,0.4,2.2,2.6,3.8,1.5,0.2,1.8,3.0,10.8,
2015-16,140.0,Elfrid Payton,21.0,ORL,PG,73.0,69.0,29.4,4.4,10.0,0.436,0.4,1.3,0.326,3.9,8.7,0.451,0.456,1.5,2.6,0.589,1.1,2.5,3.6,6.4,1.2,0.3,2.4,2.2,10.7,
2015-16,141.0,Trey Burke,23.0,UTA,PG,64.0,0.0,21.3,4.1,9.9,0.413,1.4,4.0,0.344,2.7,5.9,0.46,0.483,1.0,1.3,0.817,0.3,1.5,1.8,2.3,0.5,0.1,1.3,1.3,10.6,
2015-16,142.0,Norris Cole,27.0,NOP,PG,45.0,23.0,26.6,4.4,10.8,0.405,0.7,2.3,0.324,3.6,8.5,0.427,0.439,1.2,1.4,0.8,0.2,3.1,3.4,3.7,0.8,0.1,1.7,2.3,10.6,
2015-16,143.0,Kevin Martin,32.0,2TM,SG,55.0,13.0,19.9,2.8,7.6,0.372,0.9,2.5,0.36,1.9,5.1,0.378,0.431,2.8,3.1,0.89,0.3,1.7,2.0,1.1,0.5,0.1,1.0,1.5,9.3,
2015-16,143.0,Kevin Martin,32.0,MIN,SG,39.0,12.0,21.4,3.2,8.6,0.377,1.0,2.6,0.369,2.3,5.9,0.381,0.434,3.2,3.6,0.88,0.3,1.8,2.1,1.2,0.4,0.0,1.1,1.7,10.6,
2015-16,143.0,Kevin Martin,32.0,SAS,SG,16.0,1.0,16.3,1.9,5.3,0.353,0.7,2.1,0.333,1.2,3.3,0.365,0.418,1.8,1.9,0.933,0.3,1.6,1.8,0.8,0.6,0.1,0.8,0.9,6.2,
2015-16,144.0,Shabazz Muhammad,23.0,MIN,SF,82.0,0.0,20.5,3.9,8.3,0.465,0.5,1.9,0.289,3.3,6.5,0.516,0.498,2.3,3.0,0.764,1.2,2.0,3.3,0.6,0.3,0.1,0.9,1.1,10.5,
2015-16,145.0,Evan Turner,27.0,BOS,SG,81.0,12.0,28.0,4.2,9.3,0.456,0.2,1.0,0.241,4.0,8.3,0.482,0.469,1.8,2.2,0.827,0.6,4.3,4.9,4.4,1.0,0.3,2.1,1.7,10.5,6MOY-5
2015-16,146.0,Jerryd Bayless,27.0,MIL,SG,52.0,18.0,28.9,3.6,8.4,0.423,1.9,4.4,0.437,1.6,4.0,0.408,0.539,1.3,1.7,0.778,0.4,2.3,2.7,3.1,0.9,0.2,1.4,2.1,10.4,
2015-16,147.0,Allen Crabbe,23.0,POR,SG,81.0,8.0,26.0,3.8,8.4,0.459,1.4,3.5,0.393,2.5,4.9,0.506,0.541,1.2,1.4,0.867,0.3,2.3,2.7,1.2,0.8,0.2,0.8,2.4,10.3,6MOY-16
2015-16,148.0,Robin Lopez,27.0,NYK,C,82.0,82.0,27.1,4.4,8.1,0.539,0.0,0.0,0.0,4.4,8.1,0.54,0.539,1.6,2.0,0.795,3.3,4.1,7.3,1.4,0.2,1.6,1.6,2.2,10.3,
2015-16,149.0,Jared Sullinger,23.0,BOS,PF,81.0,73.0,23.6,4.3,10.0,0.435,0.4,1.3,0.282,4.0,8.7,0.458,0.453,1.3,2.0,0.64,2.4,5.9,8.3,2.3,0.9,0.6,1.3,2.6,10.3,
2015-16,150.0,Myles Turner,19.0,IND,C,60.0,30.0,22.8,4.4,8.8,0.498,0.1,0.2,0.214,4.4,8.6,0.506,0.501,1.5,2.0,0.727,1.1,4.4,5.5,0.7,0.4,1.4,1.1,2.6,10.3,ROY-8
2015-16,151.0,Al-Farouq Aminu,25.0,POR,SF,82.0,82.0,28.5,3.6,8.8,0.416,1.5,4.3,0.361,2.1,4.5,0.468,0.503,1.4,1.9,0.737,1.2,4.9,6.1,1.7,0.9,0.6,1.5,2.1,10.2,
2015-16,152.0,Marco Belinelli,29.0,SAC,SG,68.0,7.0,24.6,3.6,9.3,0.386,1.3,4.4,0.306,2.3,5.0,0.456,0.457,1.7,2.0,0.833,0.1,1.6,1.7,1.9,0.5,0.0,1.2,1.3,10.2,
2015-16,153.0,Gorgui Dieng,26.0,MIN,C,82.0,39.0,27.1,3.8,7.1,0.532,0.1,0.2,0.3,3.7,6.8,0.54,0.537,2.5,3.0,0.827,1.9,5.2,7.1,1.7,1.1,1.2,1.7,2.7,10.1,
2015-16,154.0,Ricky Rubio,25.0,MIN,PG,76.0,76.0,30.6,2.9,7.7,0.374,0.8,2.5,0.326,2.1,5.2,0.396,0.427,3.5,4.1,0.847,0.5,3.8,4.3,8.7,2.1,0.1,2.5,2.6,10.1,
2015-16,155.0,Matt Barnes,35.0,MEM,SF,76.0,45.0,28.8,3.5,9.1,0.381,1.6,4.9,0.322,1.9,4.3,0.449,0.467,1.5,1.8,0.804,1.1,4.4,5.5,2.1,1.0,0.8,1.6,3.1,10.0,
2015-16,156.0,Nikola Jokic,20.0,DEN,C,80.0,55.0,21.7,3.8,7.5,0.512,0.4,1.1,0.333,3.5,6.5,0.541,0.535,1.9,2.4,0.811,2.3,4.7,7.0,2.4,1.0,0.6,1.3,2.6,10.0,ROY-3
2015-16,157.0,Courtney Lee,30.0,2TM,SG,79.0,65.0,29.5,3.7,8.1,0.454,1.0,2.7,0.378,2.6,5.3,0.493,0.518,1.3,1.5,0.839,0.4,2.2,2.6,1.7,1.1,0.4,0.9,1.7,9.6,
2015-16,157.0,Courtney Lee,30.0,MEM,SG,51.0,37.0,29.2,3.8,8.2,0.458,1.0,2.7,0.37,2.8,5.5,0.502,0.519,1.5,1.8,0.826,0.4,1.9,2.3,1.5,1.0,0.3,1.0,1.5,10.0,
2015-16,157.0,Courtney Lee,30.0,CHO,SG,28.0,28.0,30.2,3.5,7.9,0.445,1.1,2.8,0.392,2.4,5.0,0.475,0.516,0.8,0.9,0.885,0.4,2.8,3.1,2.1,1.2,0.4,0.8,2.0,8.9,
2015-16,158.0,Kelly Olynyk,24.0,BOS,C,69.0,8.0,20.2,3.7,8.1,0.455,1.2,3.0,0.405,2.4,5.0,0.486,0.531,1.4,1.9,0.75,1.0,3.0,4.1,1.5,0.8,0.5,1.1,2.4,10.0,
2015-16,159.0,Marcus Thornton,28.0,2TM,SG,61.0,8.0,18.2,3.5,8.9,0.399,1.5,4.4,0.337,2.0,4.5,0.46,0.482,1.1,1.3,0.848,0.6,1.8,2.5,1.4,0.8,0.1,0.8,1.5,9.7,
2015-16,159.0,Marcus Thornton,28.0,HOU,SG,47.0,6.0,18.8,3.7,9.3,0.4,1.6,4.6,0.338,2.1,4.7,0.461,0.484,1.1,1.2,0.879,0.7,1.8,2.4,1.4,0.7,0.1,0.9,1.6,10.0,
2015-16,159.0,Marcus Thornton,28.0,WAS,SG,14.0,2.0,16.0,3.0,7.6,0.393,1.3,3.9,0.333,1.7,3.8,0.453,0.477,1.1,1.5,0.762,0.5,2.0,2.5,1.4,0.9,0.1,0.8,1.2,8.4,
2015-16,160.0,Patrick Beverley,27.0,HOU,PG,71.0,63.0,28.7,3.6,8.4,0.434,1.7,4.4,0.4,1.9,4.0,0.472,0.539,0.8,1.2,0.682,1.0,2.5,3.5,3.4,1.3,0.4,1.3,3.3,9.9,
2015-16,161.0,Terrence Ross,24.0,TOR,SF,73.0,7.0,23.9,3.7,8.6,0.431,1.8,4.6,0.386,1.9,3.9,0.484,0.536,0.7,0.8,0.79,0.3,2.2,2.5,0.8,0.7,0.3,0.6,1.6,9.9,
2015-16,162.0,Ramon Sessions,29.0,WAS,PG,82.0,5.0,20.3,3.4,7.2,0.473,0.4,1.4,0.324,3.0,5.9,0.507,0.503,2.6,3.5,0.756,0.3,2.2,2.5,2.9,0.6,0.1,1.4,1.2,9.9,
2015-16,163.0,Carl Landry,32.0,PHI,PF,36.0,12.0,15.8,3.9,6.9,0.556,0.2,0.4,0.462,3.7,6.6,0.561,0.568,1.9,2.5,0.736,1.4,2.7,4.1,0.9,0.3,0.3,0.6,1.9,9.8,
2015-16,164.0,Gary Neal,31.0,WAS,SG,40.0,2.0,20.2,3.8,8.1,0.465,1.0,2.5,0.41,2.8,5.6,0.489,0.528,1.2,1.4,0.855,0.3,1.8,2.1,1.2,0.5,0.0,0.7,1.4,9.8,
2015-16,165.0,Hollis Thompson,24.0,PHI,SG,77.0,17.0,28.0,3.5,8.8,0.397,1.9,5.1,0.38,1.6,3.7,0.42,0.507,0.9,1.2,0.719,0.7,2.8,3.5,1.3,0.5,0.3,1.0,2.4,9.8,
2015-16,166.0,Dion Waiters,24.0,OKC,SG,78.0,15.0,27.6,3.6,9.1,0.399,1.1,3.1,0.358,2.5,6.0,0.421,0.46,1.4,2.0,0.713,0.5,2.1,2.6,2.0,1.0,0.2,1.5,1.8,9.8,
2015-16,167.0,Jerami Grant,21.0,PHI,PF,77.0,52.0,26.8,3.3,7.8,0.419,0.5,1.9,0.24,2.8,5.9,0.477,0.448,2.8,4.2,0.658,1.3,3.4,4.7,1.8,0.7,1.6,1.4,2.8,9.7,
2015-16,168.0,Manu Ginobili,38.0,SAS,SG,58.0,0.0,19.6,3.4,7.5,0.453,1.2,3.1,0.391,2.2,4.4,0.496,0.533,1.6,1.9,0.813,0.4,2.1,2.5,3.1,1.1,0.2,1.7,1.7,9.6,
2015-16,169.0,Raymond Felton,31.0,DAL,PG,80.0,31.0,27.4,3.5,8.5,0.406,0.8,2.7,0.282,2.7,5.9,0.463,0.45,1.9,2.2,0.847,0.5,2.8,3.2,3.6,0.9,0.2,1.5,1.8,9.5,
2015-16,170.0,Doug McDermott,24.0,CHI,SF,81.0,4.0,23.0,3.6,8.0,0.452,1.4,3.2,0.425,2.2,4.8,0.47,0.537,0.9,1.0,0.857,0.5,2.0,2.4,0.7,0.2,0.1,0.7,1.6,9.4,
2015-16,171.0,Ian Mahinmi,29.0,IND,C,71.0,71.0,25.6,3.7,6.3,0.589,0.0,0.0,,3.7,6.3,0.589,0.589,1.9,3.2,0.587,1.9,5.2,7.1,1.5,0.9,1.1,1.4,3.1,9.3,
2015-16,172.0,Derrick Williams,24.0,NYK,SF,80.0,9.0,17.9,3.2,7.1,0.45,0.6,1.9,0.293,2.6,5.2,0.506,0.488,2.4,3.2,0.758,0.6,3.1,3.7,0.9,0.4,0.1,0.8,0.9,9.3,
2015-16,173.0,Jordan Farmar,29.0,MEM,PG,12.0,10.0,24.3,3.5,8.3,0.42,1.3,3.8,0.356,2.2,4.6,0.473,0.5,0.8,0.8,1.0,0.3,1.8,2.1,3.1,1.3,0.2,1.5,1.8,9.2,
2015-16,174.0,Aaron Gordon,20.0,ORL,PF,78.0,37.0,23.9,3.5,7.4,0.473,0.5,1.8,0.296,3.0,5.6,0.531,0.509,1.7,2.5,0.668,2.0,4.5,6.5,1.6,0.8,0.7,0.8,2.0,9.2,
2015-16,175.0,Nene,33.0,WAS,PF,57.0,11.0,19.2,3.7,6.7,0.544,0.0,0.1,0.0,3.7,6.7,0.549,0.544,1.9,3.2,0.578,0.9,3.6,4.5,1.7,0.9,0.5,1.3,2.7,9.2,
2015-16,176.0,Kyle Korver,34.0,ATL,SG,80.0,80.0,30.0,3.4,7.7,0.435,2.0,5.0,0.398,1.4,2.7,0.502,0.563,0.6,0.7,0.833,0.2,3.1,3.3,2.1,0.8,0.4,1.2,2.0,9.2,
2015-16,177.0,Rudy Gobert,23.0,UTA,C,61.0,60.0,31.7,3.2,5.8,0.559,0.0,0.0,,3.2,5.8,0.559,0.559,2.6,4.6,0.569,3.4,7.5,11.0,1.5,0.7,2.2,1.9,2.7,9.1,DPOY-7
2015-16,178.0,Mason Plumlee,25.0,POR,C,82.0,82.0,25.4,3.3,6.3,0.516,0.0,0.0,0.0,3.3,6.3,0.52,0.516,2.6,4.1,0.642,2.5,5.2,7.7,2.8,0.8,1.0,1.9,3.1,9.1,
2015-16,179.0,Marcus Smart,21.0,BOS,PG,61.0,10.0,27.3,3.0,8.7,0.348,1.0,4.0,0.253,2.0,4.7,0.427,0.405,2.1,2.7,0.777,1.2,2.9,4.2,3.0,1.5,0.3,1.3,3.0,9.1,
2015-16,180.0,Alex Len,22.0,PHO,C,78.0,46.0,23.3,3.4,8.0,0.423,0.0,0.1,0.143,3.4,7.9,0.426,0.424,2.2,3.1,0.728,2.3,5.3,7.6,1.2,0.5,0.8,1.9,2.9,9.0,
2015-16,181.0,Archie Goodwin,21.0,PHO,PG,57.0,13.0,19.5,3.1,7.4,0.417,0.4,1.7,0.232,2.7,5.7,0.474,0.444,2.3,3.4,0.674,0.5,2.0,2.5,2.1,0.5,0.2,1.8,1.5,8.9,
2015-16,182.0,Gerald Green,30.0,MIA,SG,69.0,14.0,22.6,3.3,8.5,0.392,1.2,3.8,0.323,2.1,4.7,0.446,0.463,1.0,1.3,0.783,0.4,2.0,2.4,0.8,0.6,0.3,0.7,1.8,8.9,
2015-16,183.0,Austin Rivers,23.0,LAC,SG,67.0,7.0,21.9,3.4,7.7,0.438,0.9,2.8,0.335,2.4,4.9,0.495,0.498,1.2,1.7,0.681,0.3,1.6,1.9,1.5,0.7,0.1,0.9,2.0,8.9,
2015-16,184.0,Rodney Stuckey,29.0,IND,PG,58.0,1.0,22.0,3.2,7.6,0.413,0.3,1.4,0.241,2.8,6.2,0.453,0.436,2.3,2.7,0.829,0.3,2.4,2.7,2.4,0.7,0.1,1.3,1.3,8.9,
2015-16,185.0,Jordan Hill,28.0,IND,C,73.0,11.0,20.7,3.8,7.5,0.506,0.0,0.0,0.0,3.8,7.5,0.507,0.506,1.2,1.7,0.712,2.1,4.0,6.2,1.2,0.5,0.5,1.3,2.1,8.8,
2015-16,186.0,Jeremy Lamb,23.0,CHO,SG,66.0,0.0,18.6,3.5,7.7,0.451,0.8,2.7,0.309,2.6,5.0,0.529,0.506,1.0,1.3,0.727,0.7,3.2,3.8,1.2,0.6,0.5,0.8,1.6,8.8,
2015-16,187.0,Toney Douglas,29.0,NOP,PG,61.0,18.0,20.7,3.0,7.3,0.411,1.3,3.3,0.399,1.7,4.0,0.421,0.502,1.4,1.6,0.848,0.4,1.9,2.3,2.6,1.1,0.1,1.0,2.1,8.7,
2015-16,188.0,Gerald Henderson,28.0,POR,SG,72.0,0.0,19.9,3.2,7.3,0.439,0.7,1.9,0.353,2.6,5.5,0.468,0.484,1.6,2.0,0.767,0.4,2.5,2.9,1.0,0.5,0.3,0.9,1.2,8.7,
2015-16,189.0,Tyler Johnson,23.0,MIA,SG,36.0,5.0,24.0,3.3,6.8,0.486,0.8,2.0,0.38,2.5,4.8,0.529,0.541,1.4,1.8,0.797,0.8,2.3,3.0,2.2,0.7,0.4,1.3,1.8,8.7,
2015-16,190.0,Terrence Jones,24.0,HOU,PF,50.0,11.0,20.9,3.3,7.3,0.452,0.5,1.6,0.316,2.8,5.8,0.49,0.486,1.5,2.3,0.664,1.2,3.0,4.2,0.8,0.5,0.8,1.0,1.7,8.7,
2015-16,191.0,Luis Scola,35.0,TOR,PF,76.0,76.0,21.5,3.5,7.9,0.45,0.9,2.1,0.404,2.7,5.8,0.467,0.504,0.8,1.1,0.726,1.1,3.6,4.7,0.9,0.6,0.4,0.9,2.3,8.7,
2015-16,192.0,Cody Zeller,23.0,CHO,C,73.0,60.0,24.3,3.2,6.0,0.529,0.0,0.1,0.1,3.2,5.8,0.539,0.53,2.4,3.2,0.754,1.9,4.3,6.2,1.0,0.8,0.9,0.9,2.8,8.7,
2015-16,193.0,Tim Duncan,39.0,SAS,C,61.0,60.0,25.2,3.5,7.2,0.488,0.0,0.0,0.0,3.5,7.2,0.49,0.488,1.5,2.1,0.702,1.9,5.4,7.3,2.7,0.8,1.3,1.5,2.0,8.6,
2015-16,194.0,Taj Gibson,30.0,CHI,PF,73.0,55.0,26.5,3.6,6.8,0.526,0.0,0.0,0.0,3.6,6.8,0.529,0.526,1.4,2.0,0.692,2.8,4.1,6.9,1.5,0.6,1.1,1.1,2.5,8.6,
2015-16,195.0,Zaza Pachulia,31.0,DAL,C,76.0,69.0,26.4,2.9,6.2,0.466,0.0,0.0,0.0,2.9,6.1,0.469,0.466,2.8,3.6,0.768,3.3,6.2,9.4,1.7,0.8,0.3,1.6,2.4,8.6,
2015-16,196.0,Cory Joseph,24.0,TOR,SG,80.0,4.0,25.6,3.2,7.3,0.439,0.4,1.4,0.273,2.8,5.9,0.478,0.465,1.7,2.2,0.764,0.5,2.1,2.6,3.1,0.8,0.3,1.3,1.6,8.5,
2015-16,197.0,David Lee,32.0,2TM,PF,55.0,5.0,16.4,3.2,6.1,0.531,0.0,0.0,0.0,3.2,6.1,0.533,0.531,1.3,1.7,0.763,1.8,3.7,5.5,1.5,0.4,0.5,1.2,2.1,7.8,
2015-16,197.0,David Lee,32.0,BOS,PF,30.0,4.0,15.7,2.9,6.4,0.453,0.0,0.0,0.0,2.9,6.4,0.455,0.453,1.3,1.7,0.784,1.4,3.0,4.3,1.8,0.4,0.4,1.3,1.7,7.1,
2015-16,197.0,David Lee,32.0,DAL,PF,25.0,1.0,17.3,3.6,5.7,0.636,0.0,0.0,,3.6,5.7,0.636,0.636,1.2,1.7,0.738,2.4,4.6,7.0,1.2,0.4,0.6,1.1,2.5,8.5,
2015-16,198.0,Jon Leuer,26.0,PHO,PF,67.0,27.0,18.7,3.3,7.0,0.481,0.6,1.6,0.382,2.7,5.3,0.511,0.526,1.1,1.5,0.762,1.1,4.4,5.6,1.1,0.6,0.4,1.1,1.9,8.5,
2015-16,199.0,Patty Mills,27.0,SAS,PG,81.0,3.0,20.5,3.2,7.6,0.425,1.5,4.0,0.384,1.7,3.6,0.469,0.525,0.6,0.7,0.81,0.3,1.6,2.0,2.8,0.7,0.1,0.9,1.3,8.5,
2015-16,200.0,Nik Stauskas,22.0,PHI,SG,73.0,35.0,24.8,2.9,7.5,0.385,1.5,4.5,0.326,1.4,3.0,0.473,0.483,1.2,1.6,0.771,0.3,2.2,2.5,1.9,0.6,0.3,1.3,1.6,8.5,
2015-16,201.0,Tony Allen,34.0,MEM,SG,64.0,57.0,25.3,3.4,7.3,0.458,0.2,0.7,0.357,3.1,6.7,0.468,0.474,1.4,2.2,0.652,1.6,3.0,4.6,1.1,1.7,0.3,1.2,2.7,8.4,DPOY-8
2015-16,202.0,Meyers Leonard,23.0,POR,PF,61.0,10.0,21.9,3.2,7.1,0.448,1.4,3.7,0.377,1.8,3.4,0.527,0.547,0.6,0.8,0.761,0.8,4.3,5.1,1.5,0.1,0.3,1.3,3.0,8.4,
2015-16,203.0,Tony Wroten,22.0,PHI,PG,8.0,3.0,18.0,2.8,8.1,0.338,0.4,2.1,0.176,2.4,6.0,0.396,0.362,2.5,4.6,0.541,0.3,2.4,2.6,2.5,0.4,0.0,3.6,1.4,8.4,
2015-16,204.0,Jusuf Nurkic,21.0,DEN,C,32.0,3.0,17.1,3.2,7.6,0.417,0.0,0.1,0.0,3.2,7.5,0.423,0.417,1.9,3.1,0.616,2.0,3.4,5.5,1.3,0.8,1.4,1.7,2.8,8.2,
2015-16,205.0,Lance Thomas,27.0,NYK,PF,59.0,5.0,22.3,2.9,6.5,0.442,0.7,1.8,0.404,2.1,4.6,0.458,0.5,1.7,2.0,0.857,0.6,1.6,2.2,0.9,0.4,0.1,1.0,1.8,8.2,
2015-16,206.0,Mo Williams,33.0,CLE,PG,41.0,14.0,18.2,3.2,7.4,0.437,0.9,2.5,0.353,2.3,4.9,0.48,0.497,0.9,1.0,0.905,0.1,1.6,1.8,2.4,0.3,0.1,1.4,1.5,8.2,
2015-16,207.0,Stanley Johnson,19.0,DET,SF,73.0,6.0,23.1,3.1,8.2,0.375,0.9,2.8,0.307,2.2,5.4,0.41,0.428,1.1,1.4,0.784,0.8,3.4,4.2,1.6,0.8,0.2,1.6,2.4,8.1,
2015-16,208.0,Steven Adams,22.0,OKC,C,80.0,80.0,25.2,3.3,5.3,0.613,0.0,0.0,,3.3,5.3,0.613,0.613,1.4,2.5,0.582,2.7,3.9,6.7,0.8,0.5,1.1,1.1,2.8,8.0,
2015-16,209.0,Orlando Johnson,26.0,2TM,SG,7.0,1.0,14.4,1.3,4.9,0.265,0.3,1.4,0.2,1.0,3.4,0.292,0.294,0.9,1.1,0.75,0.6,1.6,2.1,0.3,0.4,0.4,0.6,1.3,3.7,
2015-16,209.0,Orlando Johnson,26.0,PHO,SG,2.0,0.0,23.5,2.5,8.5,0.294,0.5,2.5,0.2,2.0,6.0,0.333,0.324,2.5,3.0,0.833,1.5,3.0,4.5,0.0,1.0,1.5,0.5,2.5,8.0,
2015-16,209.0,Orlando Johnson,26.0,NOP,SG,5.0,1.0,10.8,0.8,3.4,0.235,0.2,1.0,0.2,0.6,2.4,0.25,0.265,0.2,0.4,0.5,0.2,1.0,1.2,0.4,0.2,0.0,0.6,0.8,2.0,
2015-16,210.0,P.J. Tucker,30.0,PHO,SF,82.0,80.0,31.0,2.9,7.1,0.411,0.8,2.5,0.33,2.1,4.6,0.455,0.469,1.3,1.7,0.746,2.0,4.2,6.2,2.2,1.3,0.2,1.4,2.5,8.0,
2015-16,211.0,Jared Dudley,30.0,WAS,PF,81.0,41.0,25.9,2.9,6.0,0.478,1.2,2.9,0.42,1.6,3.1,0.534,0.581,0.9,1.2,0.735,0.7,2.9,3.5,2.1,0.9,0.2,1.0,2.3,7.9,
2015-16,212.0,Joffrey Lauvergne,24.0,DEN,C,59.0,15.0,17.6,3.3,6.4,0.513,0.2,0.9,0.245,3.1,5.5,0.557,0.53,1.1,1.2,0.899,1.3,3.6,4.9,0.9,0.2,0.3,0.9,1.9,7.9,
2015-16,213.0,O.J. Mayo,28.0,MIL,SG,41.0,24.0,26.6,2.9,7.8,0.371,1.3,4.0,0.321,1.6,3.9,0.421,0.452,0.8,1.0,0.775,0.3,2.2,2.6,2.9,1.2,0.2,1.8,3.1,7.8,
2015-16,214.0,Ben McLemore,22.0,SAC,SG,68.0,53.0,21.2,2.9,6.7,0.429,1.0,2.7,0.362,1.9,4.0,0.474,0.502,1.1,1.5,0.718,0.5,1.7,2.2,1.2,0.8,0.1,1.5,2.1,7.8,
2015-16,215.0,Tristan Thompson,24.0,CLE,PF,82.0,34.0,27.7,3.0,5.1,0.588,0.0,0.0,,3.0,5.1,0.588,0.588,1.8,3.0,0.616,3.3,5.7,9.0,0.8,0.5,0.6,0.7,2.5,7.8,6MOY-10
2015-16,216.0,Wayne Ellington,28.0,BRK,SG,76.0,41.0,21.3,2.9,7.4,0.389,1.3,3.5,0.358,1.6,3.9,0.416,0.474,0.7,0.8,0.857,0.3,2.0,2.3,1.1,0.6,0.1,0.6,1.1,7.7,
2015-16,217.0,Jameer Nelson,33.0,DEN,PG,39.0,15.0,26.6,2.9,7.9,0.368,1.1,3.7,0.299,1.8,4.2,0.429,0.438,0.8,0.9,0.857,0.5,2.5,2.9,4.9,0.6,0.1,1.7,2.6,7.7,
2015-16,218.0,Jose Calderon,34.0,NYK,PG,72.0,72.0,28.1,2.9,6.3,0.459,1.2,2.8,0.414,1.7,3.5,0.496,0.552,0.6,0.7,0.875,0.3,2.9,3.2,4.1,0.9,0.1,1.2,1.9,7.6,
2015-16,219.0,Langston Galloway,24.0,NYK,PG,82.0,7.0,24.8,2.8,7.2,0.393,0.9,2.7,0.344,1.9,4.4,0.423,0.458,1.0,1.4,0.754,0.5,3.0,3.5,2.5,0.9,0.3,0.7,2.2,7.6,
2015-16,220.0,Devin Harris,32.0,DAL,PG,64.0,0.0,20.0,2.6,5.8,0.447,0.8,2.5,0.329,1.8,3.4,0.532,0.516,1.6,2.2,0.721,0.3,1.9,2.2,1.8,0.9,0.2,1.0,1.9,7.6,
2015-16,221.0,Darrell Arthur,27.0,DEN,PF,70.0,16.0,21.7,3.2,7.0,0.452,0.6,1.7,0.385,2.5,5.3,0.473,0.498,0.6,0.8,0.755,1.2,3.0,4.2,1.4,0.8,0.7,0.9,2.6,7.5,
2015-16,222.0,Matthew Dellavedova,25.0,CLE,PG,76.0,14.0,24.6,2.7,6.7,0.405,1.3,3.1,0.41,1.4,3.6,0.401,0.501,0.8,0.9,0.864,0.4,1.7,2.1,4.4,0.6,0.1,1.5,2.3,7.5,
2015-16,223.0,Channing Frye,32.0,2TM,C,70.0,32.0,17.1,2.2,5.0,0.438,1.3,3.4,0.387,0.9,1.6,0.545,0.569,0.4,0.5,0.857,0.5,2.8,3.3,1.0,0.4,0.4,0.6,1.8,6.1,
2015-16,223.0,Channing Frye,32.0,ORL,PF,44.0,29.0,17.1,1.8,4.2,0.435,1.1,2.8,0.397,0.8,1.5,0.508,0.565,0.4,0.5,0.905,0.5,2.7,3.2,1.0,0.5,0.5,0.7,1.6,5.2,
2015-16,223.0,Channing Frye,32.0,CLE,C,26.0,3.0,17.2,2.7,6.2,0.441,1.7,4.4,0.377,1.1,1.8,0.596,0.575,0.4,0.5,0.786,0.5,3.1,3.6,1.0,0.3,0.3,0.5,2.2,7.5,
2015-16,224.0,Frank Kaminsky,22.0,CHO,C,81.0,3.0,21.1,2.7,6.5,0.41,0.8,2.5,0.337,1.8,4.0,0.455,0.474,1.3,1.8,0.73,0.9,3.3,4.1,1.2,0.5,0.5,0.7,1.6,7.5,
2015-16,225.0,E'Twaun Moore,26.0,CHI,SG,59.0,22.0,21.4,3.2,6.6,0.481,0.8,1.8,0.452,2.4,4.8,0.491,0.541,0.4,0.6,0.629,0.3,1.9,2.3,1.7,0.6,0.3,0.9,1.7,7.5,
2015-16,226.0,JaMychal Green,25.0,MEM,PF,78.0,15.0,18.5,2.9,6.3,0.465,0.2,0.6,0.333,2.8,5.8,0.478,0.48,1.3,1.8,0.752,1.8,3.0,4.8,0.9,0.6,0.4,1.1,2.4,7.4,
2015-16,227.0,Kris Humphries,30.0,3TM,PF,53.0,17.0,15.8,2.3,5.6,0.41,0.6,2.0,0.315,1.6,3.5,0.465,0.468,1.3,1.6,0.798,1.1,3.0,4.1,0.7,0.3,0.4,0.7,1.8,6.5,
2015-16,227.0,Kris Humphries,30.0,WAS,PF,28.0,14.0,16.6,2.3,5.6,0.405,0.8,2.4,0.343,1.5,3.3,0.451,0.478,1.0,1.1,0.935,0.9,3.2,4.1,0.6,0.1,0.5,0.7,1.5,6.4,
2015-16,227.0,Kris Humphries,30.0,PHO,PF,4.0,3.0,18.5,2.5,9.0,0.278,0.8,2.5,0.3,1.8,6.5,0.269,0.319,1.5,2.0,0.75,2.8,5.3,8.0,1.8,0.8,0.5,1.0,2.0,7.3,
2015-16,227.0,Kris Humphries,30.0,ATL,PF,21.0,0.0,14.0,2.2,4.8,0.465,0.4,1.5,0.258,1.9,3.3,0.557,0.505,1.5,2.1,0.711,1.0,2.4,3.4,0.6,0.5,0.3,0.7,2.1,6.4,
2015-16,228.0,Amir Johnson,28.0,BOS,PF,79.0,76.0,22.8,3.2,5.4,0.585,0.1,0.5,0.233,3.0,4.8,0.624,0.596,0.9,1.5,0.57,2.3,4.1,6.4,1.7,0.7,1.1,1.2,2.7,7.3,
2015-16,229.0,Shane Larkin,23.0,BRK,PG,78.0,17.0,22.4,2.8,6.4,0.442,0.5,1.4,0.361,2.3,5.1,0.464,0.481,1.1,1.4,0.776,0.4,1.9,2.3,4.4,1.2,0.2,1.9,1.6,7.3,
2015-16,230.0,Jodie Meeks,28.0,DET,SG,3.0,0.0,14.3,2.3,6.7,0.35,1.3,3.0,0.444,1.0,3.7,0.273,0.45,1.3,1.3,1.0,0.3,1.3,1.7,1.0,0.0,0.0,0.3,0.7,7.3,
2015-16,231.0,Garrett Temple,29.0,WAS,SF,80.0,43.0,24.4,2.5,6.3,0.398,1.1,3.2,0.345,1.4,3.1,0.453,0.486,1.1,1.6,0.728,0.5,2.2,2.7,1.8,0.9,0.2,0.8,2.4,7.3,
2015-16,232.0,Nick Young,30.0,LAL,SG,54.0,2.0,19.1,2.3,6.9,0.339,1.4,4.4,0.325,0.9,2.5,0.363,0.442,1.2,1.4,0.829,0.3,1.5,1.8,0.6,0.4,0.1,0.6,0.9,7.3,
2015-16,233.0,Brandon Bass,30.0,LAL,PF,66.0,0.0,20.3,2.6,4.8,0.549,0.0,0.0,0.0,2.6,4.8,0.552,0.549,1.9,2.2,0.845,1.6,2.7,4.3,1.1,0.5,0.8,0.6,1.9,7.2,
2015-16,234.0,Corey Brewer,29.0,HOU,SF,82.0,12.0,20.4,2.6,6.7,0.384,0.7,2.7,0.272,1.8,4.0,0.46,0.439,1.3,1.7,0.75,0.5,1.9,2.4,1.3,1.0,0.2,1.0,2.0,7.2,
2015-16,235.0,Tyson Chandler,33.0,PHO,C,66.0,60.0,24.5,2.8,4.8,0.583,0.0,0.0,0.0,2.8,4.7,0.585,0.583,1.6,2.6,0.62,2.7,6.1,8.7,1.0,0.5,0.7,1.4,2.2,7.2,
2015-16,236.0,Mike Dunleavy,35.0,CHI,SF,31.0,30.0,22.7,2.5,6.1,0.41,1.3,3.2,0.394,1.2,2.9,0.427,0.513,0.9,1.2,0.784,0.3,2.4,2.7,1.3,0.5,0.3,0.8,2.1,7.2,
2015-16,237.0,Danny Green,28.0,SAS,SG,79.0,79.0,26.1,2.7,7.1,0.376,1.5,4.4,0.332,1.2,2.7,0.448,0.48,0.4,0.6,0.739,0.6,3.2,3.8,1.8,1.0,0.8,0.9,1.8,7.2,
2015-16,238.0,Jason Smith,29.0,ORL,C,76.0,2.0,15.5,3.2,6.6,0.485,0.1,0.2,0.25,3.2,6.4,0.493,0.489,0.7,0.9,0.806,0.7,2.2,2.9,0.8,0.4,0.9,0.8,2.1,7.2,
2015-16,239.0,Aaron Brooks,31.0,CHI,PG,69.0,0.0,16.1,2.7,6.8,0.401,1.0,2.7,0.357,1.8,4.1,0.43,0.471,0.7,0.9,0.766,0.3,1.2,1.5,2.6,0.4,0.1,1.2,1.9,7.1,
2015-16,240.0,Marreese Speights,28.0,GSW,C,72.0,0.0,11.6,2.7,6.3,0.432,0.3,0.9,0.387,2.4,5.5,0.439,0.458,1.3,1.6,0.825,1.1,2.3,3.3,0.8,0.3,0.5,0.9,1.6,7.1,
2015-16,241.0,David West,35.0,SAS,PF,78.0,19.0,18.0,3.1,5.7,0.545,0.0,0.1,0.429,3.1,5.7,0.546,0.548,0.8,1.0,0.788,0.9,3.0,4.0,1.8,0.6,0.7,0.9,1.8,7.1,
2015-16,242.0,Luke Babbitt,26.0,NOP,SF,47.0,13.0,18.0,2.6,6.1,0.422,0.9,2.3,0.404,1.7,3.8,0.433,0.498,0.8,1.1,0.78,0.5,2.6,3.1,1.1,0.2,0.1,0.5,1.9,7.0,
2015-16,243.0,Clint Capela,21.0,HOU,C,77.0,35.0,19.1,3.0,5.2,0.582,0.0,0.0,0.0,3.0,5.1,0.583,0.582,1.0,2.7,0.379,2.5,3.9,6.4,0.6,0.8,1.2,0.8,2.5,7.0,
2015-16,244.0,Willie Cauley-Stein,22.0,SAC,C,66.0,39.0,21.4,2.9,5.1,0.563,0.0,0.0,0.0,2.9,5.1,0.567,0.563,1.2,1.9,0.648,2.0,3.3,5.3,0.6,0.7,1.0,0.7,2.2,7.0,
2015-16,245.0,Festus Ezeli,26.0,GSW,C,46.0,13.0,16.7,2.7,5.0,0.548,0.0,0.0,,2.7,5.0,0.548,0.548,1.5,2.9,0.53,2.0,3.6,5.6,0.7,0.4,1.1,0.8,2.0,7.0,
2015-16,246.0,John Henson,25.0,MIL,C,57.0,1.0,16.8,2.9,5.1,0.564,0.0,0.0,0.0,2.9,5.1,0.566,0.564,1.2,2.1,0.59,1.5,2.4,3.9,0.9,0.3,1.9,1.1,2.3,7.0,
2015-16,247.0,Andre Iguodala,32.0,GSW,SF,65.0,1.0,26.6,2.7,5.7,0.478,0.8,2.4,0.351,1.9,3.3,0.57,0.552,0.8,1.3,0.614,0.8,3.2,4.0,3.4,1.1,0.3,1.2,1.6,7.0,6MOY-2
